epoch,lr,train_loss,val_loss,train_regression_mse,val_regression_mse,train_stress_mse,val_stress_mse,train_branch_loss,val_branch_loss,train_branch_accuracy,val_branch_accuracy,lbfgs_phase
1,7.235714285714286e-05,1.4625862234611267,1.3679049454885819,1.3750061725811993,1.2803888665943057,123.19762361602288,114.10832280426237,1.7516011712846482,1.7503212704929596,0.2425703568259781,0.24480019988214835,0
2,0.00014371428571428575,0.4533384925035737,0.18555852592171748,0.37874663515924367,0.13168872099806017,32.049703959403445,9.991522619737196,1.4918371257034815,1.0773960523101642,0.38911474488166303,0.6775494714891056,0
3,0.00021507142857142865,0.11931069892405007,0.08313995482442088,0.0827473495317001,0.05685291715181371,5.860162292598705,3.586335631497613,0.7312669571012326,0.5257407231633215,0.7858088296227878,0.851254255402273,0
4,0.00028642857142857154,0.07409500570492374,0.06650945094559513,0.05349193355616539,0.049900278221305376,3.4533096234251657,3.250315168504079,0.41206143237750187,0.33218345881920963,0.8755948419158569,0.8996596412852239,0
5,0.0003577857142857144,0.06691242193488024,0.06402552301400129,0.05299619869964328,0.05232245069841005,3.4198536431581643,3.578884574484287,0.27832445414370394,0.23406143861799422,0.9194163420683407,0.9341989086552765,0
6,0.00042914285714285727,0.06181916328600989,0.05736199838621055,0.05191607909784083,0.04905966545817802,3.3630216809782167,3.1008990309840416,0.19806168954004083,0.16604667297531223,0.9443131303821795,0.9512164335255062,0
7,0.0005005000000000002,0.05479279323512575,0.04890564228406278,0.04782153611486102,0.043107107096664786,2.988334110617123,2.602272680153481,0.1394251457806089,0.1159706816394678,0.9604014987521932,0.9669734037690335,0
8,0.000571857142857143,0.0561101133318058,0.05304153219990542,0.05065438468087306,0.04807949984030812,3.3257669713742035,3.141344814391901,0.10911456652372838,0.09924064212878204,0.9652075236971697,0.9659649584267218,0
9,0.0006432142857142859,0.058824032347384356,0.062151428937093016,0.05390635854484627,0.0556273620900156,3.562031787439102,3.8506996339497195,0.09835347387154153,0.13048133981546448,0.9681384121581603,0.9408798729292941,0
10,0.0007145714285714288,0.05276351333831938,0.05400664226201193,0.048218303534534025,0.04874211227053819,3.1199184971833103,3.199251720497471,0.09090419969146099,0.10529060511334794,0.9677917472594347,0.9619311741272077,0
11,0.0007859285714285718,0.05225512396286755,0.0521772979809983,0.048220588016477516,0.04855292753187206,3.0806321696394168,3.106461387195729,0.08069072204741291,0.07248741041948287,0.9715420243862631,0.9739064586488654,0
12,0.0008572857142857146,0.05183457093739095,0.04662951891947165,0.048213106648905664,0.04334219454823009,3.046181852429601,2.75861852547417,0.07242928626279527,0.06574648623112304,0.9750086651553629,0.9826043052449738,0
13,0.0009286428571428576,0.047102076624783135,0.046759161732355496,0.04411904640008088,0.043968424605332214,2.738836457225844,2.703881210447124,0.059660606644266936,0.05581474109223732,0.9803346862058425,0.9805874129975412,0
14,0.001,0.052273128613031745,0.05114434538090964,0.04886812123136791,0.04831425583072934,3.1872966238051124,3.2754543655895128,0.06810014558343364,0.05660178210479712,0.974914119838034,0.9826043056356761,0
15,0.000999965163307042,0.05072160478582591,0.049662806673171946,0.04739910551020137,0.04656709965140465,3.0858151873617747,3.097470365736113,0.06644998323747014,0.061914132973495024,0.9761116873913305,0.9780662971021968,0
16,0.0009998606580874077,0.047877342150468565,0.05127700748969023,0.04505117426315474,0.04865651556062815,2.8392176844057766,2.937877866910172,0.05652335667650742,0.05240983702265854,0.9795625713623602,0.9810916364501017,0
17,0.0009996864989181393,0.04624397663785772,0.04858066928222518,0.04358101966682111,0.04567416551897764,2.700663661563067,2.943289406645513,0.053259139810390155,0.058130056030374896,0.9809334696622174,0.9785705221175667,0
18,0.0009994427100920476,0.047216762527168346,0.04564568232925726,0.044546689966374245,0.04128369581873309,2.8016786950628845,2.6445624421707667,0.05340145638381093,0.08723972733656726,0.98052377702083,0.9694945184922709,0
19,0.0009991293256143238,0.04263598355651747,0.04617910213523354,0.04021702248170243,0.04252208393974847,2.4814252605515175,2.436335618868912,0.04837922738707523,0.07314036198624382,0.9827613365503284,0.973402246879807,0
20,0.0009987463891977957,0.04587926542491077,0.0437196037210463,0.042550313972435194,0.040357466534927784,2.6939231584496715,2.7658178325440534,0.06657903505745343,0.06724273242487457,0.976032900545758,0.9739064574767584,0
21,0.0009982939542568317,0.04363608083303436,0.04516134640681147,0.040835088998077425,0.04283154005419332,2.537105581829608,2.7242395149929655,0.05601984193099321,0.04659613630477633,0.9793892390867527,0.9834866944799564,0
22,0.0009977720838998882,0.04200422632627466,0.0419616515043929,0.04006450267368976,0.04020520920147815,2.4804311367811054,2.5342712884710847,0.03879446626690547,0.035128834152674746,0.9856764661112793,0.9881507577533065,0
23,0.0009971808509207087,0.042530214577248315,0.04548400785122665,0.04030183293924451,0.042899260039845254,2.4824210042774064,2.8324914542690705,0.044567633310223065,0.051694970045435495,0.9832498172958403,0.9821000812063598,0
24,0.0009965203377881693,0.04469882071441806,0.04107678261888774,0.04194555122942171,0.0385460589702322,2.6129667147698656,2.278476568153763,0.05506538598074166,0.05061448270075336,0.9794049972335396,0.9783184077540458,0
25,0.0009957906366347751,0.043060274672423335,0.04284148616276021,0.040826104492012946,0.04011059154872709,2.570559778784846,2.5567204369492447,0.04468340437742716,0.05461789708930638,0.9837540566032734,0.9799571332423005,0
26,0.0009949918492438096,0.04275588566576896,0.0406210746014575,0.04068469236849976,0.038997474485874685,2.5146182824674885,2.2675926408535685,0.041423865416604394,0.03247198861547366,0.9851722273993103,0.9901676505867927,0
27,0.0009941240870351366,0.04235689928457843,0.0401146509468022,0.04001894610649582,0.0384922673096689,2.503837609974076,2.2794626807108602,0.04675906620648975,0.03244769196597171,0.9831079999650897,0.9897894834369124,0
28,0.00099318747104966,0.04224672835455364,0.041947647807566706,0.04004734420329957,0.03956877623590668,2.501072246876348,2.5565756057920543,0.043987678889705166,0.047577442841050935,0.9829976972542267,0.9812176921667284,0
29,0.0009921821319324386,0.0391324563060813,0.039256219861900525,0.037437486537403135,0.037135591823220265,2.269040030327984,2.343664792992647,0.033899396867917625,0.04241257687974484,0.9879928128338609,0.9823521942024226,0
30,0.0009911082099144642,0.0410216677883331,0.04181439581529183,0.039136718137622435,0.04028559121969262,2.4024718269038456,2.5810681540172906,0.03769899542166356,0.030576074728125898,0.9863067639395884,0.9895373720036589,0
31,0.0009899658547931002,0.04197041852834271,0.04012816377124059,0.039913765231061056,0.038375152840122786,2.4953875800310046,2.3665630198901497,0.04113306384331125,0.03506022571369707,0.9844631422201297,0.9890331497232054,0
32,0.0009887552259111882,0.04310845325157572,0.053836083249784755,0.04130410515214545,0.05120519106437756,2.6019494272285972,3.6266816316660155,0.03608696383675138,0.05261783444446032,0.9868425177767441,0.9795789655063667,0
33,0.000987476492134821,0.041546782617870495,0.0401703399517648,0.03957977542811997,0.038448135408089286,2.4719831272985537,2.381089336436618,0.03934014763823142,0.03444410373522402,0.9851407130048351,0.987142312606346,0
34,0.0009861298318297879,0.038362453919509744,0.03752390710576161,0.03691291652173945,0.03614697150146918,2.235330639543401,2.216788623847803,0.02899074159825099,0.027538702645362904,0.989994010996373,0.9899155395442415,0
35,0.0009847154328366957,0.03907494411404996,0.03949322562242582,0.03745897822341502,0.03730760199168914,2.2772225655427722,2.266824338800682,0.032319320284837715,0.04371248786949907,0.9875516045394461,0.9847472535997355,0
36,0.0009832334924447677,0.04021455341468299,0.041013356336714955,0.03813880868203261,0.039068895643000555,2.358944301025765,2.4678992657076586,0.04151489861263272,0.03888922047349449,0.9836910253423015,0.9867641454564658,0
37,0.0009816842173643236,0.040065945096208054,0.03907959030810347,0.038104367268350904,0.03691716353176191,2.3148384204314616,2.225850881971809,0.039231556794530394,0.0432485575136983,0.9847152616662791,0.9832345834374052,0
38,0.0009800678236979471,0.04121323995636645,0.04085869193884789,0.03930729432322376,0.0383862243643831,2.429165658556785,2.3306565297952773,0.038118912590533946,0.0494493698724977,0.9855188923431184,0.9815958593166086,0
39,0.0009783845369103425,0.038439594635012085,0.040213554949188206,0.0368713792199214,0.038424905341648746,2.237289483546234,2.35576499652009,0.031364311417610244,0.035772980499689085,0.9888594744786362,0.9868902013684437,0
40,0.000976634591796885,0.03908384270785958,0.0376907232047615,0.037441703571773705,0.0362248762471858,2.2758594550703526,2.103926255575844,0.03284278278487993,0.02931693621678542,0.9875988762823732,0.9906718744300554,0
41,0.0009748182324508706,0.038822325116697254,0.037856693933819456,0.03764863413315999,0.03691866809071861,2.2783946023948074,2.234860739971821,0.0234738201615453,0.018760499075669353,0.9916958161608751,0.9934451005865462,0
42,0.0009729357122294673,0.03972736808002448,0.043702818560848976,0.037599938002341536,0.041693742032100974,2.315452142801832,2.7917901687028204,0.04254860743069727,0.0401815106219051,0.9852352578394059,0.9871423129970484,0
43,0.000970987293718377,0.048338338970341545,0.041570978366203874,0.04585718305362416,0.03890487631426233,3.025336020706108,2.2135288104664763,0.04962312158944195,0.05332202938773075,0.981863161422119,0.9789486875092864,0
44,0.0009689732486952068,0.04266851080425342,0.039414243496739367,0.04054784834068402,0.037665330027119144,2.54865006231224,2.3216837729179107,0.04241325186756238,0.03497828284533736,0.9846995028789456,0.9867641452611147,0
45,0.0009668938580915606,0.039953915086422494,0.044115005744524656,0.038336063043306334,0.040607828677891485,2.3371034790920997,2.4401973761992872,0.032357040013152795,0.0701435622474472,0.9880715995667272,0.9751670273032839,0
46,0.0009647494119538531,0.039633399534983786,0.0393931834421865,0.03815122140742119,0.03811210663499635,2.324889762459211,2.2778705139862216,0.029643566990993526,0.025621538603302435,0.9896315900077476,0.9911760961244555,0
47,0.0009625402094028514,0.03976699792602147,0.04193545762225506,0.038338756772767685,0.040194179957126076,2.3436379327335546,2.537921167240458,0.02856482214892744,0.034825537086085386,0.9890485633494427,0.9877725900173728,0
48,0.0009602665585919528,0.038102295633840655,0.0365142073309934,0.03661285451390625,0.03539604758173434,2.2279957491218987,2.108608304454958,0.02978882449414188,0.02236318939161056,0.9888437164220143,0.9919324319870253,0
49,0.0009579287766642012,0.037802495152046534,0.039140489120043406,0.036373344840703356,0.037546906216413094,2.1927576096771473,2.2194201862107277,0.028582999953768656,0.03187164786409929,0.9892691671651062,0.9886549804244624,0
50,0.0009555271897080498,0.03753971006581667,0.036640964534857316,0.036255030265597274,0.035239910640899735,2.1933758853607475,2.032187221961801,0.025693590890463906,0.028021079813879555,0.9898364351938661,0.9884028707493694,0
51,0.0009530621327118767,0.03757965806576386,0.03752405977316391,0.03637712918479531,0.036231891688236026,2.1999899842196537,2.20147764852575,0.02405057522641995,0.025843351423603264,0.9913176377110918,0.9901676511728461,0
52,0.0009505339495172583,0.03765771080185687,0.03866486547762037,0.03658870425734976,0.03753089522300731,2.194499560757344,2.284380363723782,0.02138013253400833,0.022679381900415675,0.9923891444518208,0.9919324319870253,0
53,0.0009479429927710081,0.03710746264310527,0.038456369977508745,0.036281290788456245,0.03735804114644305,2.163937927475834,2.2506472420965937,0.01652342934795514,0.02196656016156981,0.9940436784914013,0.9923105991369056,0
54,0.0009452896238759876,0.03863636288693394,0.03974962638676745,0.036843348869297875,0.03802922122029252,2.222927598947837,2.435385883973974,0.0358602823979857,0.0344080819394855,0.9873309989599316,0.986890201759146,0
55,0.0009425742129406952,0.03777263333149789,0.037622772503752705,0.036292360193252805,0.036542169352460144,2.1956603725882733,2.105630065308954,0.029605472434971553,0.02161204553229555,0.9887649279252967,0.9929408769386346,0
56,0.0009397971387276414,0.03686699094006895,0.037173109181900574,0.035689405616290526,0.03543845527639504,2.1577744358468247,2.212540786142805,0.02355171158796622,0.03469307468324753,0.9910812758388065,0.9849993652283402,0
57,0.0009369587886005168,0.03758762605409171,0.040512294503233855,0.03616195993264865,0.03874921439654377,2.1726109987097035,2.8062904844905576,0.028513329533281236,0.035261597568407556,0.9890643201925952,0.9865120338278611,0
58,0.0009340595584701595,0.03663181183905904,0.035667729082559704,0.0356467391759423,0.034837339587155555,2.1638899230584347,2.0939052821437905,0.019701457575751573,0.01660777704636912,0.993003686763153,0.9945796030129428,0
59,0.0009310998527393321,0.036241538840378645,0.03767958346631749,0.03542293136137725,0.03673200197325338,2.1083091495880946,2.1636048467466122,0.016372151324360935,0.01895162779424604,0.9937758022922644,0.992814822589466,0
60,0.0009280800842463115,0.03626101845484726,0.03770032416116721,0.03526539751443729,0.03591077386408755,2.0918246157316385,2.157169403140848,0.019912419891704745,0.03579101604538067,0.992830354162576,0.9857556979652914,0
61,0.0009250006742073056,0.03663738246753895,0.03707883180880192,0.03557003684766199,0.03599354391500822,2.1381715705665165,2.0627514633482615,0.021346921087241635,0.02170576152908168,0.9921685413217864,0.9931929889579416,0
62,0.0009218620521576977,0.0368186324255561,0.0379813671493371,0.035945107049575306,0.03708007774019578,2.1474459390395912,2.1257881053411,0.017470506887698273,0.01802579658950065,0.9939648918486998,0.9934451000004928,0
63,0.000918664655892133,0.03582867577642419,0.0361688167925562,0.03479895645698603,0.03511682325042197,2.0724148305867276,2.0010739953944983,0.020594387311310056,0.02103988562222088,0.992294599910286,0.9919324312056207,0
64,0.0009154089314034523,0.03743124538472863,0.03909836913303215,0.03567451390926381,0.03715263674411109,2.15491655396527,2.2472395867759216,0.03513463001259993,0.038914620739660365,0.9871891830455216,0.9856296432254205,0
65,0.0009120953328204818,0.036846100275776714,0.03791042986013287,0.0357234190254516,0.0363937447759275,2.156203587038451,2.157250503656408,0.02245362528539131,0.0303337021154296,0.9920424803514304,0.9881507602928716,0
66,0.0009087243223446889,0.037351484961756304,0.036465733775207586,0.03588932670380728,0.03526756901246564,2.1743192764096606,2.1009439008316777,0.029243167090892985,0.023963306905939136,0.98911159259861,0.9931929883718882,0
67,0.0009052963701857105,0.03660340040019577,0.037620839801262775,0.035547559349880874,0.03661521486623372,2.132810301576477,2.0867963702775154,0.02111682102109049,0.02011249648433164,0.9922315711664179,0.9925627095934032,0
68,0.0009018119544957665,0.03705051056609825,0.03621252951797224,0.03560586229914384,0.03517553620636801,2.145844168706755,2.182536615905223,0.028892963949691534,0.020739865044011423,0.9893479544483542,0.9934451011725998,0
69,0.000898271561302963,0.03638996048730511,0.03635464044545843,0.035542886019868845,0.03517487022514363,2.1380250482275787,2.088503829771403,0.016941488082600938,0.023595406877065492,0.9940751934362583,0.9915542646417939,0
70,0.0008946756844434985,0.036400510793426356,0.03748722254551856,0.03529420282112572,0.036199843731459826,2.1102537960278984,2.2259251332652683,0.02212615482365201,0.025747585605670763,0.991837633333837,0.9911760963198066,0
71,0.0008910248254927808,0.03593046601827316,0.036062882101867894,0.035209519091429685,0.03506814380531261,2.096300787097856,2.0248307995427743,0.014418927758962873,0.019894776874997043,0.9949733686771737,0.9926887658960835,0
72,0.0008873194936954638,0.03542272729715737,0.035516054209729815,0.03471572640140363,0.03429356418934142,2.0648082658046922,2.0076684890472016,0.014140019834014358,0.024449816088220458,0.994595189013921,0.9914282085344648,0
73,0.0008835602058944146,0.03694757797573709,0.038432469775814077,0.03583259207863173,0.0374686337258917,2.138933217963909,2.2793417450279603,0.02229971396005825,0.019276729057152393,0.9913806682188111,0.9929408775246881,0
74,0.000879747486458622,0.03641221364385684,0.03602268017352296,0.03533135803817241,0.03507160318417356,2.1112195600319277,2.042318608982332,0.02161711347379343,0.019021537996425645,0.992042480306348,0.9926887666774881,0
75,0.0008758818672100531,0.03630456308891518,0.040279024564594756,0.035311689014687425,0.03927198624043256,2.124944494064462,2.4206713845716905,0.019857484241981284,0.02014077863211396,0.9929406556148871,0.9930669334366661,0
76,0.0008719638873494721,0.03590409434966231,0.03631826516883709,0.03514142959522448,0.0352555543666084,2.101777230054145,2.15247659567219,0.015253290180638744,0.0212542338252864,0.9943903419737864,0.9926887655053811,0
77,0.000867994093381229,0.03618622678512096,0.03704230823951728,0.035125878860499574,0.03579754077417469,2.1120281897372317,2.1437572216034897,0.02120696349071061,0.024895362638159658,0.9919794506195051,0.9911760963198066,0
78,0.0008639730390370299,0.0376531740631222,0.036979184625323985,0.03615299367488308,0.03582863623531577,2.191778029710555,2.152734281525972,0.030003604667594018,0.023010967678539423,0.988859473287708,0.9923105987462032,0
79,0.0008599012851986988,0.03544855928671604,0.0357575269755726,0.034521763891358304,0.03442045644237477,2.0598178447233972,1.9885072586110542,0.018535908569127256,0.026741424675471588,0.9932558054785908,0.991428207557709,0
80,0.0008557793998199423,0.03633047347252441,0.03747417547393834,0.034944579522750444,0.03580165316078276,2.10439409372174,2.0124586196831133,0.027717883133145042,0.03345044405249716,0.9891588662406355,0.9890331485510985,0
81,0.0008516079578471286,0.039035391881730885,0.03948600563227372,0.037427365809814275,0.037586128400453445,2.3018837027167893,2.3888568674107,0.032160519214264174,0.037997542226448286,0.9891746231514117,0.9866380889584344,0
82,0.0008473875411390888,0.03754071743251873,0.03681852104869944,0.03637643606477969,0.035835221765750026,2.2032917844994087,2.159262657796662,0.023285632389898586,0.019665990041945254,0.9918849069307801,0.9934451003911952,0
83,0.0008431187383859576,0.03481181609722534,0.035320452126239625,0.034177987568242675,0.034579575710777195,2.0252823697371434,2.073383885945857,0.01267656798676628,0.014817548347887117,0.995635182068345,0.9945796022315382,0
84,0.0008388021450270573,0.03460975917601712,0.03693039320455318,0.0339523986624601,0.03544891894908055,2.013273815732866,2.054795093559218,0.013147214880762995,0.029629488834742864,0.9950679129162804,0.9902937063034194,0
85,0.0008344383631678432,0.037255921185914524,0.03847797158070084,0.0360023048421799,0.03703014375415363,2.158384435074888,2.3973775710311824,0.02507233195856135,0.028956558703286762,0.9903721902444914,0.9882768138606356,0
86,0.0008300280014959179,0.03711047231994182,0.0364067018126932,0.03605692014664046,0.035407952997177465,2.1849142876872385,2.063127874170984,0.021071041015255542,0.019974972330504312,0.9925152054447182,0.9933190442838661,0
87,0.000825571675196128,0.03595652477353476,0.03702648078369325,0.03490262677187631,0.03590661884302767,2.079548081524872,2.2166031387614735,0.02107796129242531,0.02239725168066053,0.9917903622089154,0.9915542642510915,0
88,0.0008210700058647539,0.03629544455082465,0.036256030865448444,0.035392604559652444,0.035334859339204064,2.118857299529023,2.204645812849552,0.018056801867182243,0.01842344134151898,0.9929406557050521,0.9939493234530533,0
89,0.0008165236214228056,0.03606123955200252,0.036882593919737076,0.03508312310182287,0.035201997817742275,2.0986852326539944,2.151510199967931,0.01956233040396691,0.03361190498329781,0.993082472878014,0.9877725907987774,0
90,0.0008119331560284371,0.036090729268400006,0.036440557060739995,0.03500716184215693,0.0348445939741391,2.1013293212009594,2.0168708320164703,0.021671347991503182,0.03191926184800764,0.9918218758275967,0.9891592038770228,0
91,0.0008072992499884887,0.035253098420088495,0.03766710862477911,0.03431045624289638,0.03676692963765997,2.0462357699673825,2.458020154155249,0.018852841050424334,0.01800359388620608,0.9927515672944623,0.9926887660914346,0
92,0.0008026225496691746,0.035502670096634825,0.03503968678513436,0.03463789859730805,0.034378984450662814,2.0650887781077487,2.0609876149602036,0.017295426269404706,0.01321404021184952,0.9936339851643848,0.9955880489413079,0
93,0.0007979037074059222,0.03484232829633217,0.035295297844284014,0.03421192062590572,0.034656726914276834,2.0257546717127783,2.063812395069618,0.012608155108924183,0.012771432697242338,0.99550912304217,0.9953359367266499,0
94,0.0007931433814123819,0.034648985546811915,0.03544890745999037,0.03408833139440917,0.03430317226009833,2.018876807635793,1.974043436043202,0.01121307516983658,0.022914702306362684,0.9960448760584493,0.9923105983555008,0
95,0.0007883422356886133,0.035167071392928684,0.03564099928033798,0.03444650608040436,0.03465460186931505,2.037354442497795,2.074740040547217,0.01441131021507186,0.019727954499284505,0.9945479172033703,0.9923105989415544,0
96,0.0007835009399284682,0.03497535168550741,0.035499870422116955,0.034141804601715724,0.03444469428084604,2.0277632652486606,2.06918468178408,0.016670943236402953,0.021103516452556356,0.9931139876876236,0.9928148218080614,0
97,0.0007786201694261764,0.03475646126705058,0.035728382737714254,0.03398187320919749,0.034736029864330546,2.016397312937681,2.04712129369534,0.015491759584282883,0.019847061491391628,0.9940436791319479,0.9921845432249277,0
98,0.0007737006049821518,0.03486917797389293,0.03594640558722881,0.03409882124882852,0.0346653183616231,2.019573152100967,2.055070543685898,0.015407135813023259,0.02562173898499114,0.9942170106317615,0.9909239850819044,0
99,0.0007687429328080304,0.03501488937028082,0.03643913010831936,0.03417874911990747,0.03512913908362839,2.039448093396454,2.1283907516748295,0.01672281066619609,0.026199829204555766,0.9935236823408157,0.9901676507821439,0
100,0.0007637478444309524,0.036444003150509954,0.04154668151430685,0.03505183537067578,0.03938533478053389,2.120362575188439,2.478145355747309,0.027843355144332716,0.043226939495373505,0.9897418904494603,0.9861338660919274,0
101,0.0007587160365971044,0.03889644228933735,0.03715266247974824,0.03741286168630592,0.036287222700924916,2.2863883561767326,2.3235532559137932,0.029671610627910516,0.017308787219334366,0.9895528014659476,0.9944535474916673,0
102,0.0007536482111745324,0.037809430585609954,0.0381220098071624,0.036384149360465516,0.03660287882592193,2.235684370890127,2.265153035260413,0.028505624042906855,0.030382613970426266,0.9900097679973141,0.9900415952608682,0
103,0.0007485450750552414,0.03595121531536515,0.03635397461685214,0.03494848104976938,0.03547286716771504,2.099860040251357,2.1195494130837966,0.02005469178852705,0.017622146772127516,0.9929721704921204,0.9928148221987637,0
104,0.0007434073400565932,0.034914621239595156,0.03691117226284809,0.03432642150119556,0.03584047226118107,2.0476898190534207,2.2533457286718828,0.011763986841873537,0.02141399227869769,0.9958873021099586,0.9918063752936427,0
105,0.0007382357228220179,0.036511803104393885,0.03902789216676907,0.035365203676135916,0.03742291574897854,2.1435652139383645,2.1820782296942776,0.02293198680899804,0.03209951370353433,0.9917115748805849,0.9886549817919206,0
106,0.0007330309447210518,0.0368796211379518,0.03594856257351428,0.03594578755789071,0.035245358920459505,2.1867679812222844,2.0932858912622914,0.018676677136296747,0.014064080340509065,0.9932715628495838,0.9953359373127033,0
107,0.0007277937317487162,0.03529872566835841,0.0366256108154614,0.03470135887680377,0.03583178743128366,2.090119365228571,2.0824704920074972,0.011947338023579562,0.01587646807038298,0.9958715434578724,0.9936972124105021,0
108,0.0007225248144242516,0.03561236291568717,0.038079631095851905,0.034625051346056916,0.03680692923197857,2.0852811765101236,2.3619582967110215,0.01974623243002982,0.025454052952284336,0.9927515672944623,0.9902937072801752,0
109,0.0007172249276892199,0.03507893156393034,0.035709901226452706,0.03429955891138486,0.03492613866141957,2.048872368105277,2.087512399996122,0.015587454385538196,0.015675251002235744,0.9941382226403431,0.994327491188987,0
110,0.0007118948108049899,0.0356345456424037,0.03649748699732766,0.034709664687595544,0.03513735696320258,2.081480818133519,2.0235175543650095,0.018497623876429864,0.027202603385250625,0.993066716562702,0.9906718736486508,0
111,0.0007065352072496209,0.03487431730248889,0.036113034656744925,0.03426806671790691,0.035024158624664736,2.043013052523957,2.1183590067901092,0.012125018737857525,0.021777510007409705,0.9956509388889563,0.9910500419706381,0
112,0.000701146864614158,0.034802645734618706,0.03684643090530135,0.034170037235802045,0.035203913806437635,2.041556543558681,2.1260384404612687,0.012652169754501796,0.032850323837322316,0.9948473084149879,0.9900415946748148,0
113,0.0006957305344983522,0.03749931222335923,0.03888924149769365,0.03512840397217584,0.037644222955392374,2.1232510715415915,2.072455347042644,0.047418169456247834,0.024900360554165564,0.9846207167415433,0.9930669338273683,0
114,0.0006902869724058245,0.03613124622411197,0.0356907655320499,0.03532208995593342,0.0348264203663621,2.126164185847168,2.0819015568146924,0.0161831303557489,0.01728691117875358,0.9944061007611199,0.9944535472963161,0
115,0.0006848169376386814,0.03439319985687859,0.03552372872944018,0.03391108172357933,0.03475839071906516,2.0149601051476873,2.053494978654314,0.00964236242478216,0.015306771380553762,0.9965176005111904,0.9952098814007254,0
116,0.0006793211931916046,0.034307527058910145,0.03549130860522162,0.03363620868927554,0.03455954582977382,1.9890411918153006,2.1613594492702277,0.01342636690212682,0.01863525104828129,0.995067913556827,0.9929408781107416,0
117,0.0006738005056454222,0.035104729785319144,0.03625573722353788,0.03419085768839244,0.03482732424538568,2.0365174324872917,1.9873237079109203,0.018277441200895833,0.028568243224924666,0.993507925475122,0.9900415954562194,0
118,0.0006682556450601821,0.03474800672183354,0.03530316280507957,0.03387272127010479,0.03426033316714743,2.020648029794206,2.022080521978467,0.01750571140128674,0.020856590417950883,0.9934921679914228,0.992940877329337,0
119,0.0006626873848677392,0.03455163369972017,0.034811258782816615,0.03380915350346301,0.03405780702468713,2.006240945080114,2.0540063149779075,0.014849598605031598,0.015069032332580641,0.9947685216821216,0.9938232689085335,0
120,0.0006570965017638716,0.034005961826058875,0.03526631183523136,0.033502864683286025,0.03426146688808277,1.981942823977532,1.9753333869473895,0.010061936716846331,0.02009689149520864,0.9963757833607697,0.9926887657007323,0
121,0.0006514837755999428,0.03495778651123617,0.035149776403433315,0.03408300298599271,0.03421258541700083,2.017676896269925,1.9866616620732545,0.017495669585374907,0.01874382489089796,0.9932400486354384,0.9928148212220079,0
122,0.0006458499892741233,0.03443982007411015,0.03460101065454005,0.03372618215121776,0.033864392084817965,1.9972909268518095,1.986062296909807,0.014272756136365411,0.014732383769655926,0.9948315521898409,0.9957141044625836,0
123,0.0006401959286221864,0.033746417567459344,0.03474652820949925,0.033323694893630136,0.03388688247052129,1.967772659669811,2.103567294210109,0.008454457007133457,0.017192914646664077,0.9969745668847683,0.993192989348644,0
124,0.0006345223823078954,0.03429997500744466,0.03732172642398584,0.033497931236648744,0.03522252648050752,1.9860152334612566,2.1077294503847557,0.016040874963185948,0.041983995752400416,0.994721249298648,0.9848733102931181,0
125,0.0006288301417129961,0.036504439674762794,0.03826840687296617,0.035120592194917144,0.03698176240599443,2.1214464073022463,2.5324059744493126,0.027676946199938008,0.025732874626346137,0.9900885564264079,0.9904197622153973,0
126,0.0006231200008268291,0.03614376834290669,0.03828791776885906,0.03530246802412826,0.0372412146794515,2.1478976161363263,2.3611086000338877,0.016826004046543018,0.020934069791678882,0.9938703464186649,0.9939493236484044,0
127,0.0006173927561355796,0.03607329040237922,0.03502426805230839,0.035207859552498104,0.034214188020639275,2.146404873407746,2.05366294897626,0.017308615392498925,0.016201596954816544,0.9936339839058329,0.9939493238437556,0
128,0.0006116492065111788,0.034415440708267325,0.03521879611060927,0.03387152744012582,0.034530960373720394,2.012486001473769,2.096271914821487,0.010878260054165267,0.013756700767938845,0.9960606328790605,0.9955880485506057,0
129,0.0006058901530998722,0.03403836314076191,0.03499056589711619,0.03350332473427276,0.034312570160711514,1.9873480037174547,2.029845614459135,0.01070077611181415,0.013559913799588375,0.9960606341150713,0.9942014350816579,0
130,0.0006001163992104703,0.03425148639047594,0.0347420335314688,0.03359351568925464,0.03398435233663554,1.991370600680422,2.0102338633711003,0.01315941432550409,0.015153624690044472,0.9951151858501357,0.9948317138601428,0
131,0.0005943287502022979,0.033973492310167254,0.03536183848558211,0.03346727296826477,0.034432152082602856,1.9761344299379222,1.9981284655163811,0.010124385328242256,0.018593722598909672,0.9964860855663334,0.9930669330459637,0
132,0.0005885280133728583,0.034140962032295226,0.034954500977139175,0.03361458888408374,0.034288760454033625,1.9837715762362786,2.0601436839674125,0.01052746375725258,0.013314795381330038,0.9960763915987704,0.994957770162823,0
133,0.0005827149978452265,0.03416522128402948,0.03459226631109913,0.033577380964000016,0.03387711477955127,1.98704410830431,1.9877975016182434,0.01175680168901752,0.014303014295655362,0.9955248797951576,0.9948317136647917,0
134,0.0005768905144551863,0.03376032857746257,0.035519850315293915,0.03324462974664807,0.03424623230518932,1.9640548798684112,2.1166806337016837,0.010313973758250052,0.025472354017302336,0.9961236627011508,0.9899155393488903,0
135,0.0005710553756381311,0.034272094855134855,0.03491616385689408,0.03363187011987716,0.0338978084886899,1.9893930146036807,1.9636645664051353,0.012804494863059917,0.020367096975956667,0.9950206417462764,0.992562710570159,0
136,0.0005652103953157399,0.03397396663573946,0.034879749768786814,0.03346907998753095,0.034145615240292485,1.984526562632879,2.1152468529502517,0.010097737799968207,0.014682685769695239,0.9965333573092605,0.9955880479645521,0
137,0.0005593563887824466,0.034320345693718855,0.03704377384329224,0.03367568397851826,0.03502343185729673,2.0071708746161696,1.9685705543601255,0.012893232688674526,0.04040682915216374,0.9952254881233231,0.9884028693819112,0
138,0.0005534941725917174,0.035023961364725145,0.03501679328714375,0.033863453050739976,0.03413595857593416,2.004566881287797,2.071851063147328,0.023210164620193378,0.017616684070862167,0.9921212688706892,0.9935711561078219,0
139,0.0005476245644421528,0.03374757794073657,0.03448752907231463,0.03327839929328843,0.03374150340309979,1.9692594832144175,1.954217808522809,0.009383573393535809,0.014920510900026423,0.9967066900450847,0.9952098812053742,0
140,0.0005417483830634299,0.034439128300111144,0.03508197249567375,0.0335950400523102,0.03413243871053065,2.0035549124641703,2.1070718087841067,0.016881769283406598,0.018990659179487866,0.9934921679914228,0.9923105987462032,0
141,0.0005358664481021012,0.03420979647080152,0.03449563660994538,0.03353633162050163,0.033831838910492226,1.9858060374929725,2.0097559644943614,0.013469290808187196,0.013275935426241706,0.9953357896432579,0.9952098814007254,0
142,0.0005299795800072648,0.034071495548294056,0.03480603507679197,0.03360936794414638,0.034115400088306005,1.9874382478545922,1.984719796813663,0.009242553254906718,0.013812699349667302,0.9965648722315762,0.994957770162823,0
143,0.0005240885999161233,0.03419832068098838,0.035730727208989815,0.033615426122503574,0.03430082613068587,1.9878624292052791,1.974678653885103,0.011657893577674704,0.028598031360169054,0.9956194246748108,0.9905458183227264,0
144,0.0005181943295394459,0.034644523677947535,0.03493704696086215,0.03401968584705799,0.034066267470765445,2.034030565537475,1.995128423617945,0.012496753013248868,0.01741558413123286,0.9950206404651831,0.9936972128012044,0
145,0.0005122975910469514,0.03396516050546417,0.034993429528660844,0.03347972080279154,0.03429408508804802,1.9890603661661148,2.1363991052795144,0.0097087913057121,0.013986893402421692,0.9963285103592907,0.995461992833979,0
146,0.0005063992069526275,0.033730735823933315,0.03600065893631301,0.03330452239906272,0.035204082202426004,1.9644885606339868,2.177400452483877,0.00852426830296447,0.015931533274005878,0.9968327497568888,0.9939493238437556,0
147,0.0005005,0.034043851397016545,0.035058083976072456,0.03355798011692107,0.034151732398942064,1.9921513914381956,2.0178957257462558,0.009717422085712479,0.01812703122222719,0.996501843095115,0.9933190452606219,0
148,0.0004946007930473726,0.033781552643437594,0.034489130439511705,0.033261307360027546,0.033877376650131234,1.9643846251459571,1.9931786921080523,0.010404902440109096,0.012235082699330851,0.995966089325583,0.9960922716124638,0
149,0.0004887024089530484,0.033636726297646885,0.03623471561183954,0.0332157688205337,0.03505808722425511,1.95824872673127,2.170708782387669,0.00841914302174351,0.02353257964885612,0.9967382037313898,0.992814821417359,0
150,0.000482805670460554,0.03374875662794055,0.03428558757267803,0.03330427798839098,0.03364643072020312,1.970703411983657,2.0004174775739463,0.008889568110428452,0.012783145544573628,0.9967697185860818,0.9957141042672324,0
151,0.0004769114000838766,0.03319289849452421,0.03449667599176633,0.03291976524275737,0.03382336313498286,1.9411451957591794,1.9786218120308552,0.005462659341944851,0.013466255610310255,0.9981563758310611,0.9957141046579348,0
152,0.00047102041999273503,0.033589924770744295,0.034729792952131806,0.03318743580389754,0.034069846223273886,1.958126429221966,2.0061612118692516,0.008049776136271353,0.01319893697866287,0.997195171318437,0.9957141044625836,0
153,0.0004651335518978988,0.03391277633290636,0.03591907962303917,0.03314953706957808,0.03401646201827405,1.955860058451566,2.0725044597972917,0.015264778370593281,0.03805236086121622,0.9948315509763713,0.9890331497232054,0
154,0.0004592516169365701,0.03408608113052091,0.03508348087900511,0.033426594956293444,0.03448453447143442,1.9870444099435225,1.9399890832186917,0.0131897243762781,0.01197892556747204,0.9951782162902313,0.9960922721985173,0
155,0.00045337543555784733,0.033976781375558034,0.03499476351083399,0.03354607734797841,0.03412262145436894,1.9907580613902123,2.024569040467005,0.008614076095297175,0.017442846291549536,0.9971321415639706,0.9943274909936358,0
156,0.00044750582740828263,0.03371016618243227,0.034547743666811424,0.033191717186315355,0.033792935455490086,1.9627782682891468,1.9260132398729168,0.010368984508774003,0.015096151033062081,0.9959660888202837,0.9947056585342184,0
157,0.00044164361121755343,0.033403186169984354,0.03431345984953943,0.03310184673274136,0.033713361959104717,1.9506588280398194,2.010832447250118,0.006026796446490631,0.012001943269590254,0.997951529431473,0.9960922720031661,0
158,0.00043578960468426014,0.03324500892980175,0.034347865713618676,0.03301719383780296,0.03373690524718342,1.9420028530658353,1.9854547908623792,0.0045563054651660394,0.01221922757114605,0.9985975853389453,0.9963443830457173,0
159,0.0004299446243618691,0.033214998176300664,0.03457162597696943,0.03290114246466357,0.03388015058637792,1.9405645522967299,1.9642285487397266,0.006277115427309579,0.013829502774024241,0.9978254697872927,0.9955880483552545,0
160,0.00042410948554481387,0.03323524043591849,0.03458744717169481,0.0329462867022962,0.033780935176865506,1.9406046644851107,1.995727194192565,0.005779073246346175,0.01613025917788667,0.998030316119257,0.9950838254887475,0
161,0.00041828500215477355,0.033959657268449635,0.03522024179889683,0.03318029664094541,0.03394303874090477,1.9575162217692998,2.0548632261838136,0.01558721560001841,0.02554406030846697,0.9951782163803962,0.9921845432249277,0
162,0.00041247198662714156,0.033524805058918215,0.03440589366977773,0.03303578149102668,0.03373660200254232,1.9498564063279855,1.9574710138806115,0.009780466943330733,0.013385838202894539,0.9966594176165287,0.9959662158958371,0
163,0.0004066712497977022,0.03316591306734271,0.03439082260942468,0.03290948229157873,0.03340981086556628,1.9377739080159966,2.0487380071349333,0.005128611235263793,0.019620229676060617,0.998235162518845,0.9924366550488835,0
164,0.0004008836007895299,0.033899868575126495,0.03507984167564326,0.03343977698330311,0.03404028772684179,1.9823824952249887,2.0224974106738505,0.00920183380724027,0.02079108894128645,0.9964230557217021,0.9942014360584137,0
165,0.0003951098469001278,0.033792381907481676,0.03508016541384214,0.03312420362942943,0.033807253246929944,1.958961635783875,2.0013784044074123,0.013363562844239783,0.02545823583248606,0.9950521561182104,0.9895373721990101,0
166,0.00038935079348882115,0.03384849240042515,0.03456677291737173,0.03332650458961392,0.033841562004106936,1.9677692519619487,1.9842420413847845,0.010439756602023164,0.014504200710927825,0.9961551782414718,0.9953359375080545,0
167,0.0003836072438644204,0.033046698095171585,0.03398374088984802,0.03277864425976207,0.03330042223438675,1.931776167495023,1.9384259211675947,0.005361071655520946,0.013666381065441525,0.9982666774186195,0.9962183277197929,0
168,0.00037787999917317103,0.03314645193914732,0.034991863378676165,0.03284662023152872,0.033991956623846596,1.9351793372481925,2.0767705347954846,0.005996635783499994,0.019998135206945964,0.9978412266304452,0.9934451009772486,0
169,0.000372169858287004,0.03366697691741403,0.03482945714806618,0.033039883371063464,0.033869080323447466,1.9557921867659733,1.9405872971627176,0.012541877122297764,0.019207538609539335,0.9953988195104305,0.9930669332413149,0
170,0.0003664776176921047,0.033159010427393214,0.034037996428180096,0.032813231163458294,0.03340278638576809,1.9278514770640836,1.9925790759033353,0.006915583110279051,0.012704202619666646,0.9977151675141052,0.9960922714171127,0
171,0.0003608040713778138,0.033027368480254705,0.03391195244811965,0.03285232080021461,0.0333412871291617,1.9345163005407666,1.9833525150101436,0.0035009539397201825,0.0114133002467291,0.9990860666348389,0.9969746624102557,0
172,0.0003551500107258769,0.03324491859242188,0.0350078490205728,0.032890194069989435,0.03389818222410709,1.9439465447869122,1.9543995854984717,0.007094485955283791,0.022193341572427003,0.997415775179183,0.9940753797557335,0
173,0.0003495162244000573,0.03323165294907546,0.034178977383500946,0.0329165362722831,0.03355504421463954,1.9383236192356292,1.938422056836107,0.006302335368055691,0.012478662914090862,0.9978254697647514,0.9964704387623441,0
174,0.00034390349823612863,0.032787526760660414,0.03401349355359479,0.03264168949170176,0.033376764744185834,1.9172745128617286,1.9636377172663642,0.002916740282778839,0.01273458014544887,0.9991806107612394,0.996596494674322,0
175,0.0003383126151322609,0.03273975318270448,0.03380158434922648,0.03261873405177261,0.033239490365837045,1.915930067274536,1.9565752259602722,0.002420382630502339,0.011241872007182,0.9993066710910489,0.996596494674322,0
176,0.0003327443549398178,0.03301153694110462,0.03427843370560693,0.032776475906003896,0.033390059691971105,1.927571844218347,1.9891247613784961,0.004701217688093659,0.017767485026183277,0.9981563758536023,0.9942014354723603,0
177,0.0003271994943545778,0.033380238042453374,0.034624116975881254,0.03290096313075475,0.033392258853914905,1.938099648667638,1.951914572586527,0.00958550183431743,0.02463716388755528,0.9961709351071656,0.993192989348644,0
178,0.0003216788068083954,0.03312968464947995,0.03417450833357058,0.032710694805168486,0.033425820599051,1.9258697431945788,1.9637426742160364,0.008379799549645638,0.014973767902892279,0.9970691103480811,0.9947056579481649,0
179,0.00031618306236131847,0.03305567035806145,0.03379561036795126,0.032777247442728724,0.03322903216627121,1.9273235966452904,1.9695271837385249,0.005568460136383025,0.011331554333547069,0.9981248608636629,0.9962183271337394,0
180,0.0003107130275941753,0.032853207279831785,0.03410100854194121,0.032688387690080235,0.033467474565535435,1.9209476331499709,1.9937403647457532,0.0032963924480736042,0.012670690701168783,0.9989442488438716,0.9963443836317708,0
181,0.0003052694655016476,0.03267734378810144,0.03379782281142608,0.03255479904495424,0.03311911336800557,1.9124670211571029,1.9735954623497045,0.0024508994561450556,0.013574194218730936,0.9992593987301165,0.9962183275244417,0
182,0.000299853135385842,0.0327906908239006,0.034257901185595435,0.03260253362447077,0.033353803979182896,1.9197890503197417,1.9313114707803238,0.0037631403810900036,0.018081946480212965,0.9986133415640924,0.994831714055494,0
183,0.000294464792750379,0.03275876748926651,0.03427257057108886,0.03259637710201872,0.03337984156442533,1.9154031221101182,1.9731930500770087,0.0032478072387247476,0.017854579233762956,0.9988339472563131,0.9955880485506057,0
184,0.00028910518919501,0.03286051538988226,0.034098464474842737,0.032628867689967776,0.033382891501809196,1.9189852947607369,1.9965541540982819,0.004632951867857401,0.014311442191228993,0.9982509205529257,0.9957141044625836,0
185,0.00028377507231078,0.03289342299831631,0.03388107930693142,0.032721477508190835,0.03333247773707116,1.9255686945921384,1.9545702471132613,0.0034389113221492576,0.010972026598422717,0.9987078863084983,0.9969746622149045,0
186,0.00027847518557574827,0.03288955452413542,0.034138628103089756,0.032729823360540866,0.03331762919765725,1.9287339859630026,1.9375128621158242,0.003194618403998116,0.016419953645378273,0.9987394012308141,0.995335936922001,0
187,0.0002732062682512838,0.03283362637588106,0.03440477486784816,0.03265418965980072,0.033216908960580285,1.9211152694448546,1.9732604048733873,0.003588731246196631,0.023757329077978655,0.9986606152286591,0.9940753789743288,0
188,0.0002679690552789483,0.03284627849945299,0.03391592981326434,0.032638019700257134,0.03320839836419598,1.9225866772646052,1.954680272824494,0.004165172363496386,0.01415062187875593,0.9985345555393963,0.9952098817914278,0
189,0.00026276427717798225,0.03294869326190063,0.033884041361181096,0.03274572045709862,0.03334224254332439,1.9305928546862179,1.99406568874526,0.004059453402231133,0.010835979593107442,0.9984872818522883,0.9971007173454778,0
190,0.00025759265994340674,0.03272360196419696,0.034257188197528224,0.03259635014153482,0.033629427792298515,1.9182698069539659,1.966176156842602,0.0025450349626234114,0.012555218598027367,0.9990387942513653,0.9964704387623441,0
191,0.00025245492494475847,0.03285469089339362,0.034097560532893534,0.032744921506365064,0.03330106863353557,1.9237027285300472,1.961716698199702,0.002195393816844851,0.0159298207368535,0.9993381847322714,0.9957141046579348,0
192,0.0002473517888254676,0.032918285343097826,0.03451696073230918,0.03262742112972513,0.03357850939700361,1.9224543347938314,2.050618720328118,0.005817288746936101,0.018769023519680402,0.9979988006240184,0.9943274902122312,0
193,0.00024228396340289564,0.03309519623240489,0.03438738205612314,0.03274107553514004,0.03355918815891289,1.9258641070382767,2.02993403159699,0.007082410710615904,0.01656388899281604,0.9972739586242264,0.9954619926386278,0
194,0.00023725215556904755,0.032903926393557166,0.03379389447848373,0.032728242079590665,0.0333152175363828,1.927797647200412,1.9653796460519413,0.0035136824115683868,0.00957354972227989,0.9989442488438716,0.9969746620195534,0
195,0.00023225706719196953,0.03278814691366116,0.03356453012282936,0.03261367694618369,0.03311288325646915,1.9189637611021348,1.9512257445253762,0.0034894013434135112,0.009032917893872644,0.9988024310754454,0.9969746622149045,0
196,0.00022729939501784808,0.03258084710123281,0.03379064190935085,0.03246632650682889,0.033259251507507,1.907369705683299,1.9588190338792828,0.002290414214359746,0.010627803703462222,0.9991648533226228,0.9971007181268825,0
197,0.0002223798305738236,0.032612964391167384,0.03379071794791209,0.03252429912929098,0.0332410707933619,1.9091592504984867,1.961695501757167,0.0017733070899812156,0.010992948782836768,0.9994484882414696,0.9969746620195534,0
198,0.00021749906007153183,0.032604355372669064,0.0338990942167782,0.03250046925122222,0.03322091737857656,1.9092796111940147,1.951017690399143,0.0020777131565523793,0.01356354937967926,0.9993854584193794,0.996596494674322,0
199,0.00021265776431138653,0.03268465019981119,0.03392456332544473,0.03255520881608606,0.033207126492891516,1.9121344898212216,1.980189960901214,0.0025888312715749515,0.014348735700605736,0.9990545517125231,0.9953359373127033,0
200,0.00020785661858761803,0.032686121331284866,0.03396824474771552,0.032562402975997475,0.03337216537342942,1.913345551668108,1.9789982617735398,0.0024743749276276697,0.011921597440295851,0.9992436412464174,0.9964704389576953,0
201,0.00020309629259407738,0.032569925745232466,0.03391227926028176,0.032482844535233805,0.033333753745030385,1.90747290455402,1.9800488707488202,0.0017416298730547005,0.011570494179751832,0.9994169720380607,0.9967225501955975,0
202,0.00019837745033082522,0.03263936165980505,0.033888846717527864,0.03257311752584875,0.033264706837553164,1.912807297700593,1.9604193619246382,0.001324881662941741,0.012482773807976565,0.9997006063389021,0.9971007177361801,0
203,0.00019370075001151111,0.032581489350742884,0.03362920158645416,0.032527092751617456,0.033072849203802275,1.9096287368792628,1.9588015434586594,0.0010879360213876357,0.011127037554885406,0.9997478787223757,0.9969746616288511,0
204,0.0001890668439715628,0.032526259930456686,0.033726315238647706,0.03245973062799936,0.03314926129242563,1.90580692689413,1.944660619605644,0.001330588406642124,0.011541094381367365,0.9995903041333384,0.9967225505862999,0
205,0.00018447637857719418,0.03255130307057004,0.033878446404831446,0.03246190599748025,0.033154339383412744,1.90643219183517,1.9477556921653454,0.001787941169266026,0.014482146168340617,0.999448487600923,0.9967225501955975,0
206,0.00017992999413524603,0.032602404534843976,0.0337950136650109,0.03246042010361482,0.03317508924427045,1.9043861079113065,1.992091777780596,0.0028396870070664954,0.012398481895550982,0.9989127345621024,0.9965964950650243,0
207,0.0001754283248038717,0.03257851910004208,0.034219722595165855,0.03242276765511559,0.03324528449913164,1.9046010750277997,1.978243839721218,0.0031150328185354306,0.019488748160871674,0.9988181885140621,0.9952098812053742,0
208,0.00017097199850408187,0.03294267348487507,0.03473411565304899,0.03253740603824203,0.0334442590062666,1.9147750768324583,1.9126916128104712,0.008105347813157115,0.02579713413499124,0.9975260779802109,0.9943274907982846,0
209,0.00016656163683215666,0.03285046185088771,0.033941924552737604,0.032551587615782605,0.03318930779262432,1.9164343066777694,1.9683091998415847,0.005977480556101001,0.015052315194033425,0.9978097110225004,0.9957141044625836,0
210,0.0001621978549729426,0.03249612532922117,0.033684033214891905,0.03240371805920294,0.03313083290634894,1.901040519370707,1.9446554651450318,0.0018481457739789194,0.011064002207954308,0.99949575934385,0.9971007173454778,0
211,0.0001578812616140422,0.03244321173328335,0.03378209721197941,0.03237015819377496,0.03309209646438044,1.9002795975003384,1.9544144727897332,0.001461069980165867,0.01380001206679316,0.9997006069794487,0.9964704387623441,0
212,0.00015361245886091082,0.032520566686731,0.03377967621329512,0.032410430226824036,0.03315976845422429,1.9036033042706226,1.945503665236917,0.0022027237748421134,0.012398141941327316,0.9991963682223973,0.996596494674322,0
213,0.0001493920421528712,0.032421314886642794,0.03357752158601092,0.032357146343417235,0.032990103874195424,1.8985286479239571,1.9417242661680143,0.00128336822161811,0.011748344353818697,0.999621820314206,0.9972267732574557,0
214,0.00014522060018005748,0.032383828724555065,0.033621530088582076,0.03232011134790216,0.032962484450297744,1.8963387168354289,1.9372120999634739,0.0012743505371318837,0.013180908181156447,0.9996533339779698,0.9972267732574557,0
215,0.00014109871480130117,0.03240832306181899,0.033643636743556984,0.03233053863867082,0.033050288447069365,1.8979257799743467,1.9446076295211427,0.0015556872370235636,0.011866970470375429,0.9994642450620809,0.9967225503909487,0
216,0.00013702696096296998,0.03239879993602269,0.03378494261153165,0.03233455875122124,0.03306428356253228,1.897593165622876,1.9495045869178824,0.0012848162209058009,0.014413200051262063,0.9995903041107972,0.9967225505862999,0
217,0.00013300590661877092,0.03244679993311016,0.03363660880519796,0.032352000161465846,0.033020597089306936,1.8989382494461833,1.9515726640848678,0.0018959915610779613,0.012320240016110484,0.9992909130118857,0.9971007177361801,0
218,0.0001290361126505279,0.03242614933055869,0.033704745287978906,0.032370049030829406,0.03310936010766342,1.8995900793871416,1.9501060232394252,0.0011220036529449146,0.011907719252129776,0.9996533339554285,0.9973528291694336,0
219,0.00012511813278994692,0.03240375921185594,0.033668527156809576,0.03235970856758342,0.03304770152340106,1.8991680506900122,1.9490838457172701,0.0008810166099153456,0.012416512154082167,0.999779394285238,0.9971007173454778,0
220,0.00012125251354137808,0.03246574622609238,0.03386020226777164,0.03236962030745489,0.03313081015169538,1.8996159496213,1.960520141364857,0.0019225209227117022,0.014587851767645994,0.9993224285522068,0.9962183273290905,0
221,0.0001174397941055855,0.032517140553762,0.03380690304381421,0.03238809008132156,0.033130483102388225,1.9022032093330792,1.9588423541045108,0.002581002050677599,0.013528407064026892,0.9990072793290495,0.9973528293647848,0
222,0.00011368050630453635,0.03240553449718077,0.03367734812862197,0.03235484269908106,0.033057986739513386,1.8985536002680001,1.9521142240431966,0.0010138380302052495,0.012387234421645793,0.99971636380006,0.9972267734528069,0
223,0.00010997517450721924,0.03232464787813046,0.03355559124532074,0.03228034217562535,0.032925756219208624,1.8937091790124412,1.9431017967396271,0.0008861154766016851,0.012596714519669622,0.9997636368240802,0.9971007177361801,0
224,0.00010632431555650143,0.03231426977067984,0.03355474618437175,0.03227590522479821,0.03292964017174816,1.8933250674312991,1.9410338364527442,0.0007672962792403844,0.012502128993614534,0.9998581809504807,0.9972267732574557,0
225,0.00010272843869703696,0.03230968111879037,0.03362716349905652,0.032269707602524164,0.032999223944132676,1.8936116953163007,1.9429581459692895,0.000799467789244216,0.012558821710496935,0.9997636361835336,0.9967225503909487,0
226,9.918804550423344e-05,0.032340139691609,0.03358425909260491,0.03230470537835037,0.0329768651368285,1.8956126248455947,1.9422241869661616,0.000708680823929531,0.012147871421697716,0.9998739384116386,0.9974788850814116,0
227,9.570362981428941e-05,0.03233852233072154,0.033680739936173584,0.03230480171791947,0.0330358186860441,1.89518928025914,1.944000874298391,0.0006744105951996851,0.01289841401197376,0.9998739390521851,0.9967225503909487,0
228,9.22756776553111e-05,0.032327924836533226,0.0335447211553444,0.03229871097370869,0.03291737071941558,1.8950110593357095,1.9328998928335746,0.0005842749446663849,0.01254700944550804,0.99993696825627,0.9972267734528069,0
229,8.89046671795182e-05,0.03231995003676254,0.03358591212407947,0.03229342079709504,0.03294812513170906,1.8943021444198236,1.9392807473154188,0.0005305805521152983,0.012755733449775132,0.9999527257174279,0.9973528291694336,0
230,8.559106859654781e-05,0.032339862643585716,0.033577876993168894,0.032313712149513785,0.032959429884594056,1.8961337094708028,1.9328571859290256,0.0005230135305349873,0.012368950470633966,0.9999212107951122,0.9972267734528069,0
231,8.23353441078672e-05,0.03228357476414298,0.033533639909076644,0.03225316799423845,0.03289810990728978,1.8919203771110789,1.936138372290229,0.0006081401871727436,0.012710610034218257,0.9998109085670072,0.9969746620195534,0
232,7.913794784230261e-05,0.032288741799959754,0.03366359733829324,0.032246268375107134,0.03292992163943069,1.891967604126572,1.9316530555099733,0.0008494616202825878,0.014673517340484039,0.9996848495182908,0.9964704389576953,0
233,7.599932579269451e-05,0.032301751328218685,0.03357489764001035,0.032243951640539226,0.032904942390707,1.8918071788121704,1.9296255574376049,0.001155993674599492,0.013399087147359648,0.9995903047513437,0.9965964944789708,0
234,7.291991575368863e-05,0.032282619479948434,0.03362338549775523,0.03224429828190679,0.03299271829119174,1.8911728108700516,1.9408647959821088,0.0007664246271236687,0.01261336398747095,0.9997636368240802,0.9968486061075754,0
235,6.990014726066828e-05,0.032264578711456444,0.0336092755284884,0.03223775094631832,0.032983839178929095,1.8909961205336385,1.941528431557473,0.0005365551484887315,0.012508711609160571,0.9998739390521851,0.9973528291694336,0
236,6.694044152984073e-05,0.032300129377608275,0.033575988587963616,0.03226110685043457,0.03293517996816155,1.892380456202969,1.9369535107908942,0.0007804509854917125,0.012816193370228605,0.9997793936446915,0.997100717540829,0
237,6.404121139948354e-05,0.032284701274682845,0.03362333383723449,0.03224152110117623,0.03299330731861591,1.8917010412714799,1.937345072764189,0.0008636030416142865,0.012600522172905774,0.9997006076199954,0.9972267732574557,0
238,6.120286127235885e-05,0.03224224323140136,0.03357730861708614,0.03221871387792848,0.0329249416433719,1.8894035569291032,1.936460914654493,0.00047058671108173147,0.013047340436013608,0.9999212107951122,0.9972267734528069,0
239,5.8425787059305076e-05,0.03222844362355651,0.03357218996631412,0.032207943939933675,0.03292921246258951,1.8889028276272648,1.938714535167535,0.0004099968759287878,0.01285953292104026,0.9999369688968166,0.9972267732574557,0
240,5.571037612401261e-05,0.03222342429049286,0.03351407862150638,0.03220195771317944,0.032875657840937725,1.8892672053429636,1.9341208099131775,0.00042932746920251003,0.012768416303672158,0.9999527257174279,0.9972267732574557,0
241,5.3057007228991945e-05,0.03222511840297364,0.03352159087718863,0.0322047180482156,0.032880311290624686,1.8890564978199726,1.9335107919202992,0.0004080127397913394,0.01282560132097814,0.99993696825627,0.9973528291694336,0
242,5.046605048274176e-05,0.032226146276441374,0.03351501169707591,0.03220697788684308,0.032876182064840415,1.8889397815114546,1.9353744426170936,0.00038336846170889603,0.01277657936153527,0.9999212107951122,0.9973528291694336,0
243,4.7937867288123295e-05,0.0322550742207994,0.033553670092029045,0.032200996288319725,0.032895029441121396,1.8891091813794987,1.9367494308886906,0.0010815624596849204,0.013172813557012301,0.9995903053918903,0.9972267734528069,0
244,4.547281029195016e-05,0.03227430402773297,0.03355225606002153,0.03221246007598505,0.03287891972587912,1.88993085135108,1.9330015046500655,0.0012368802784159443,0.013466728153030065,0.9995745466496393,0.9973528293647848,0
245,4.307122333579884e-05,0.03220945309893028,0.03351494172379256,0.03218758943873151,0.0328682659901317,1.887725567536674,1.9340845259594674,0.0004372699461027985,0.012933518659484524,0.9999527257174279,0.9972267732574557,0
246,4.073344140804725e-05,0.032219621673564944,0.033583813513980515,0.032195898910242354,0.03293818537111572,1.888480683665561,1.9386019795836258,0.0004744550816872508,0.012912572823961702,0.9998739384116386,0.9973528293647848,0
247,3.845979059714878e-05,0.0322249082826769,0.03353086657531923,0.03220456962502366,0.032884970359944705,1.8889154826038286,1.9343824406883146,0.00040676645741948535,0.012917924144189182,0.9998896958727964,0.9973528291694336,0
248,3.625058804614714e-05,0.03220571485270825,0.03349620314261193,0.03218895103168989,0.03285900406378839,1.8881354251573166,1.93153850863654,0.00033527583064381133,0.012743973661344192,0.9999842406397436,0.9972267734528069,0
249,3.410614190843959e-05,0.03220470152596435,0.033508638307202375,0.03218620820942762,0.03285440649815185,1.8875222331970918,1.9323923349170116,0.0003698615510254889,0.0130846348225922,0.9999527263579745,0.9973528293647848,0
250,3.2026751304793465e-05,0.032190520241459755,0.03354463007098697,0.03217203349228661,0.03289370293066058,1.886772522871931,1.9354038661986601,0.0003697414754688766,0.013018544121861052,0.9999527257174279,0.9974788850814116,0
251,3.0012706281623325e-05,0.032192924913236255,0.03352369184511976,0.03217624381817611,0.032871092715333845,1.8874395708398963,1.932439900144839,0.0003336203696430685,0.013051981603583283,0.9999999981009015,0.9974788850814116,0
252,2.8064287770533047e-05,0.03218410570975256,0.0335120676860418,0.03216922269424806,0.03285546479851184,1.886517972891467,1.9322428544923393,0.00029766102224127746,0.013132062828672852,0.9999842406397436,0.9974788850814116,0
253,2.618176754912989e-05,0.03217918323588031,0.03352865616189987,0.032165107973224485,0.032864278185439716,1.8865403310931983,1.9336842314736864,0.0002815011381122702,0.01328756505069104,0.9999999981009015,0.9973528293647848,0
254,2.4365408203115347e-05,0.0321760518481474,0.03352719919208273,0.032162700269770084,0.03286761174923036,1.8861334082428924,1.934534693897319,0.0002670327532129766,0.013191745098533275,0.9999999981009015,0.9974788850814116,0
255,2.2615463089657844e-05,0.03218496063552342,0.03351685079677505,0.032171472502967854,0.032858727851333855,1.8868971351513113,1.933586929975385,0.00026975892821308597,0.013162470988428685,0.9999842406397436,0.9974788850814116,0
256,2.0932176302053264e-05,0.03217614877707572,0.03351452384230003,0.03216200175711763,0.03285707253152705,1.886122106870887,1.9305792684950565,0.00028293153712150086,0.01314900248616344,0.9999999981009015,0.9972267732574557,0
257,1.931578263567684e-05,0.03217637114453874,0.03351839497820676,0.03216063315090198,0.03285924085146705,1.8861254227983786,1.9321864301795002,0.0003147624355548724,0.013183091180491805,0.9999684831785858,0.9974788850814116,0
258,1.776650755523266e-05,0.03217208313241675,0.03351617667137953,0.03215971057925511,0.03285670953056227,1.8860022712394768,1.9321006525063236,0.00024745316517322077,0.013189359546927707,0.9999999981009015,0.9973528293647848,0
259,1.6284567163304445e-05,0.03218501040620484,0.03351154872159346,0.032171599303603284,0.03285262782817438,1.8868283411237108,1.9325000352882338,0.0002682215465535415,0.01317841401724005,0.9999999981009015,0.9974788850814116,0
260,1.4870168170212304e-05,0.032166561841404005,0.03349947505479696,0.032154145145237054,0.032845022504099465,1.885659922740029,1.9324012028980146,0.0002483405475860664,0.013089050950319774,0.9999999981009015,0.9973528291694336,0
261,1.3523507865179121e-05,0.03217039164716318,0.03350019861342822,0.0321582056812552,0.032842611318054285,1.885906463983376,1.9317047761876,0.00024371775911485475,0.013151737951262555,0.9999999981009015,0.9974788850814116,0
262,1.2244774088811813e-05,0.03216167051951023,0.03350152726195115,0.03214916224930697,0.032841672882067664,1.8853817743694692,1.9318924364189505,0.00025016971499448415,0.013197062053861721,0.9999999981009015,0.9974788850814116,0
263,1.1034145206899862e-05,0.032168956103476594,0.03350891747011688,0.03215106246017744,0.032845593912821165,1.8854564084688432,1.9319589479144188,0.00035786901858709006,0.013266464532620065,0.9999054533339543,0.9974788850814116,0
264,9.891790085536038e-06,0.03216107692629956,0.03350203778450567,0.03214963457669315,0.03284021517498773,1.885416379822014,1.9310147434108633,0.00022884802585320356,0.013236456810930301,0.9999999981009015,0.9974788850814116,0
265,8.81786806756155e-06,0.032159260339220896,0.03350066841700542,0.0321473529864254,0.03284106241720149,1.8853201812802327,1.9322565522903785,0.0002381459357491668,0.013192102476343049,0.9999999981009015,0.9974788850814116,0
266,7.812528950340211e-06,0.032159620410112645,0.03349811452693677,0.032147938599571386,0.032840596980849776,1.885425343646031,1.931061053282073,0.00023363337510809188,0.013150337226965922,0.9999999981009015,0.9974788850814116,0
267,6.875912964863524e-06,0.032157459478641126,0.03350099685208487,0.03214606347926073,0.032838793183829165,1.8850816243656088,1.931517684893967,0.0002279177370777208,0.013244085079844401,0.9999999981009015,0.9974788850814116,0
268,6.008150756190705e-06,0.03215682207784333,0.03350009791272203,0.03214547886908203,0.03283858674320209,1.8851839707458335,1.931652088687021,0.00022686521083988814,0.013230249525425744,0.9999999981009015,0.9974788850814116,0
269,5.209363365225069e-06,0.03215589904691892,0.03349804909087198,0.03214508131999241,0.032838181204521893,1.8850799608003677,1.9325564863191012,0.00021635374722953285,0.013197367934099922,0.9999999981009015,0.9974788850814116,0
270,4.479662211830784e-06,0.03215576788860606,0.0334994422057478,0.03214477627452999,0.03283768665521199,1.8851238694201047,1.9320082425710519,0.0002198372385721426,0.013235105793290597,0.9999999981009015,0.9974788850814116,0
271,3.819149079291317e-06,0.03215530266247013,0.03349999930499692,0.03214460669563152,0.03283772092854016,1.8850936069260409,1.9316884972597452,0.00021391921650172532,0.013245570660388803,0.9999999981009015,0.9974788850814116,0
272,3.227916100111901e-06,0.032154936161105804,0.033500040427355604,0.03214445585348394,0.03283789080515885,1.8850640582450755,1.9318001049697646,0.00020960773315283404,0.013243002928915525,0.9999999981009015,0.9974788850814116,0
273,2.7060457431684143e-06,0.03215476696499732,0.0334989831929743,0.03214432374685453,0.03283761627807768,1.88512426892582,1.931801117880564,0.00020886550522304672,0.013227333367663555,0.9999999981009015,0.9974788850814116,0
274,2.2536108022042704e-06,0.0321547623980504,0.03349959357331353,0.032144227962715405,0.03283765404659503,1.8851001019407365,1.9316018187772817,0.00021068723289887988,0.013238779966623534,0.9999999981009015,0.9974788850814116,0
275,1.8706743856763246e-06,0.032154548365324206,0.033499464562185534,0.03214412515087852,0.03283739155568122,1.8849689258733708,1.931647872903767,0.000208466960999528,0.013241464656621658,0.9999999981009015,0.9974788850814116,0
276,1.5572899079524003e-06,0.03215441979954618,0.033500050308555455,0.03214407976857522,0.032837397517648394,1.8850964146389835,1.931581658071578,0.0002068015190579204,0.013253074773426098,0.9999999981009015,0.9974788850814116,0
277,1.3135010818607125e-06,0.0321542393011246,0.03349970719912878,0.03214400380099403,0.03283720044636357,1.884944606843941,1.9317790158050712,0.00020470033856022493,0.013250141795858464,0.9999999981009015,0.9974788850814116,0
278,1.1393419125922988e-06,0.032154150170639696,0.03349948169297969,0.03214394571529936,0.032837141265292705,1.8850793428701433,1.9315609671828216,0.00020408935764412573,0.01324681035839007,0.9999999981009015,0.9974788850814116,0
279,1.0348366929580647e-06,0.03215411515612771,0.033499732877475444,0.032143897555494,0.03283719599367195,1.8851620015606323,1.9314451105249315,0.00020435225725792835,0.013250749635458609,0.9999999981009015,0.9974788850814116,0
280,1e-06,0.032154015971902476,0.033499293149054823,0.03214385994697965,0.03283720696010386,1.8849272043351615,1.931629890904486,0.00020311785847460672,0.013241718435742419,0.9999999981009015,0.9974788850814116,0
281,0.2,0.03216940272047786,0.03348259579216068,0.03215061480768847,0.032845400085023055,1.8841786224727637,1.9308666504001941,0.00037575542914549146,0.012743922895165488,0.9999212114356587,0.9972267734528069,1
283,0.2,0.03216858599704185,0.033481822488013575,0.03214995259451545,0.03284458633426323,1.885402751402476,1.9320931304797961,0.0003726625546349727,0.012744727754982095,0.9999212107951122,0.9972267734528069,1
286,0.2,0.03216732901323116,0.03348202517141795,0.03214976084532035,0.03284422390667289,1.8856708855465318,1.9323544966292445,0.00035136730565043367,0.01275601725955843,0.9999212107951122,0.9972267734528069,1
290,0.2,0.032165620381146454,0.033483252656214865,0.03214972173523142,0.032844049964308154,1.8851216297837015,1.9318044351987456,0.000317972149819684,0.012784050256422418,0.9999842406397436,0.9973528293647848,1
295,0.2,0.03216460504224567,0.03348400189413198,0.03214950285602358,0.032843770279204966,1.8861338311802154,1.9328239105184457,0.0003020387188489076,0.01280464980841438,0.9999999981009015,0.9974788850814116,1
301,0.2,0.03216374562630896,0.03348478135090149,0.03214923017172395,0.03284356996255505,1.8851334279944492,1.9318216519323916,0.00029031094892467295,0.012824218175820672,0.9999999981009015,0.9974788850814116,1
308,0.2,0.03216304217924059,0.033485121811347635,0.032148865694608945,0.03284328872121689,1.8856357917983706,1.9323356341071438,0.00028352853416826736,0.012836664916963215,0.9999999981009015,0.9974788850814116,1
316,0.2,0.03216261324219401,0.03348506303741489,0.032148589116077195,0.03284301775929442,1.8852016020856561,1.9318992512141653,0.0002804868553115385,0.012840917514754276,0.9999999981009015,0.9974788850814116,1
